nProj,model_mae,maxlike_mae,MLME_mae,model_rmse,maxlike_rmse,MLME_rmse,model_rmse_original,maxlike_rmse_original,MLME_rmse_original,model_rmse_err_bar,maxlike_rmse_err_bar,MLME_rmse_err_bar,model_rmse_ci_low,model_rmse_ci_high,maxlike_rmse_ci_low,maxlike_rmse_ci_high,MLME_rmse_ci_low,MLME_rmse_ci_high,model_accuracy,maxlike_accuracy,MLME_accuracy
2,0.07307043671607971,0.09367241710424423,0.10043942928314209,0.09797905775159597,0.12238066578656435,0.1341960285305977,0.09800092875957489,0.12235953658819199,0.13420918583869934,0.00047863434883765876,0.0005777284968644381,0.0006937659927643836,0.09698069244623184,0.09893842563033103,0.12111605629324913,0.12361744213849306,0.13264784961938858,0.13575884252786635,0.0,0.06324187585133294,0.1474995135240319
4,0.07251235097646713,0.15452738106250763,0.1581127643585205,0.09768707593530417,0.20567044313251973,0.21063340243697165,0.09769424051046371,0.20569086074829102,0.21062594652175903,0.0004962992970831692,0.0012079260777682066,0.0012235387694090605,0.0966920554637909,0.09859413728117943,0.20296668522059919,0.20850256718695165,0.20762727707624434,0.21354928016662597,0.025102880658436213,0.30781893004115224,0.3374485596707819
6,0.07206261157989502,0.14282289147377014,0.1436411738395691,0.09603628899902106,0.1910316105633974,0.19169147761166097,0.09605470299720764,0.19110837578773499,0.19169577956199646,0.0005073827924206853,0.0011533366050571203,0.0011237519793212414,0.09490886498242616,0.09709994662553072,0.1884941652417183,0.1937946755439043,0.18903964385390282,0.1942922968417406,0.03591331269349845,0.31186790505675954,0.3737874097007224
8,0.07082389295101166,0.14322170615196228,0.14099490642547607,0.0947003256753087,0.19294674262404443,0.19281561106443404,0.09471126645803452,0.19301140308380127,0.19279716908931732,0.0005122764850966632,0.0011272643459960818,0.0011819439241662621,0.09369797017425299,0.09570736233144998,0.19040280841290952,0.19548734314739705,0.19008324220776557,0.19555680267512798,0.1275616896695943,0.3197406942701798,0.3354245085738185
