nProj,model_mae,maxlike_mae,MLME_mae,model_rmse,maxlike_rmse,MLME_rmse,model_rmse_err_bar,maxlike_rmse_err_bar,MLME_rmse_err_bar,model_accuracy,maxlike_accuracy,MLME_accuracy
216,0.0010024053044617176,0.0017117829993367195,0.0018187587847933173,0.0013927854597568512,0.005862876307219267,0.005864755716174841,9.483926987741143e-06,8.119181438814849e-05,8.060874097282067e-05,0.9412868632707775,1.0,0.9910187667560322
192,0.0011439550435170531,0.020731935277581215,0.03827553242444992,0.0015749690355733037,0.0455985926091671,0.07193992286920547,1.0548284990363754e-05,6.976473378017545e-05,7.767201896058396e-05,0.9393096514745308,0.7403485254691688,0.2906166219839142
169,0.0010089816059917212,0.009873286820948124,0.020108139142394066,0.0014668471412733197,0.021278003230690956,0.04380357638001442,1.1129214726679493e-05,0.0001011088679661043,6.175471207825467e-05,0.9345174262734585,0.9361930294906167,0.7557640750670241
146,0.0010840219911187887,0.042288459837436676,0.05655195191502571,0.0015034584794193506,0.06995663046836853,0.09586318582296371,1.0282645234838128e-05,0.00014031091996002942,0.0001802878687158227,0.938337801608579,0.4124664879356568,0.22654155495978553
123,0.0013789547374472022,0.036156997084617615,0.04675592482089996,0.0019098699558526278,0.06577838957309723,0.08111002296209335,1.2416511708579492e-05,0.00011017506767529994,0.00012201720528537408,0.9431970509383378,0.36876675603217157,0.12238605898123324
99,0.0013163017574697733,0.046086058020591736,0.0596604198217392,0.0018774437485262752,0.08714001625776291,0.11082517355680466,1.2390180927468464e-05,0.00011108963371952996,0.00015123756020329893,0.933813672922252,0.1792225201072386,0.033646112600536196
76,0.00160266796592623,0.06126854941248894,0.07465116679668427,0.002201360184699297,0.11228291690349579,0.1439538449048996,1.3772691090707667e-05,0.00015561594045720994,0.00013445653894450516,0.9341487935656837,0.2131367292225201,0.2099195710455764
53,0.0022722743451595306,0.059890422970056534,0.06589914858341217,0.0032338278833776712,0.11096549034118652,0.12501056492328644,1.927635821630247e-05,0.00015322565741371363,0.0001677635300438851,0.9123659517426274,0.3394101876675603,0.06420911528150135
30,0.004254170227795839,0.06851251423358917,0.08451347053050995,0.006061263382434845,0.13569465279579163,0.16243089735507965,3.5836863389704376e-05,0.0001331243256572634,0.00013794343976769596,0.8880361930294907,0.2971849865951743,0.3044235924932976
